,Search_engine,Gene(s),Phosphosite,Uniprot_id,SystematicGeneName,ProteinAbundance (molcules/cell),AnnotatedPeptide,#identifications,SiteClustering,MultipleSitesRemarks,BestLocalizationScore (MQ) /Xcorr (PD),Best-Probability (MQ only),PEP (MQ) / PercolatorQvalue (PD),ProbabilityAnnotation,BestScanNumber,FileNameForBestScanNumber
10025,PD/Sorc,MCM3;YAL068W-A,MCM3_761;MCM3_765;YAL068W-A_67;YAL068W-A_71,P24279;Q8TGK7,YEL032W;YAL068W-A,,S(p)PQKS(p)PK,2,No,No,2.62,,0.004966,S(1): 100.0; S(5): 100.0,606,050817_MADvsRtt107MAD_B_H9.raw
25647,PD/Sorc,RPL7A;RPL7B,RPL7A_11;RPL7A_8;RPL7B_11;RPL7B_8,P05737;Q12213,YGL076C;YPL198W,,ILT(p)PES(p)QLKK,591,No,No,3.65,,0.008916,T(3): 100.0; S(6): 100.0,10474,121317_MMSvsG14NQO_B_H3.raw
25749,PD/Sorc,"DUR1,2;SWI3","DUR1,2_1178;DUR1,2_1180;SWI3_779;SWI3_781",P32528;P32591,YBR208C;YJL176C,,T(p)LS(p)IGK,140,No,No,1.94,,0.008992,T(1): 100.0; S(3): 100.0,7678,101815_164vsNAB2_HILIC_2.raw
25793,PD/Sorc,TY1B-A;TY1B-BL;TY1B-BR;TY1B-DR1;TY1B-DR3;TY1B-DR4;TY1B-DR5;TY1B-DR6;TY1B-ER1;TY1B-ER2;TY1B-GR1;TY1B-GR2;TY1B-GR3;TY1B-H;TY1B-JR1;TY1B-JR2;TY1B-LR1;TY1B-LR2;TY1B-LR4;TY1B-ML1;TY1B-ML2;TY1B-MR1;TY1B-MR2;TY1B-NL1;TY1B-NL2;TY1B-OL;TY1B-OR;TY1B-PL;TY1B-PR1;TY1B-PR2,TY1B-A_397;TY1B-A_401;TY1B-BL_956;TY1B-BL_960;TY1B-BR_956;TY1B-BR_960;TY1B-DR1_956;TY1B-DR1_960;TY1B-DR3_956;TY1B-DR3_960;TY1B-DR4_956;TY1B-DR4_960;TY1B-DR5_956;TY1B-DR5_960;TY1B-DR6_956;TY1B-DR6_960;TY1B-ER1_956;TY1B-ER1_960;TY1B-ER2_956;TY1B-ER2_960;TY1B-GR1_956;TY1B-GR1_960;TY1B-GR2_956;TY1B-GR2_960;TY1B-GR3_956;TY1B-GR3_960;TY1B-H_994;TY1B-H_998;TY1B-JR1_956;TY1B-JR1_960;TY1B-JR2_956;TY1B-JR2_960;TY1B-LR1_956;TY1B-LR1_960;TY1B-LR2_956;TY1B-LR2_960;TY1B-LR4_956;TY1B-LR4_960;TY1B-ML1_956;TY1B-ML1_960;TY1B-ML2_956;TY1B-ML2_960;TY1B-MR1_956;TY1B-MR1_960;TY1B-MR2_956;TY1B-MR2_960;TY1B-NL1_956;TY1B-NL1_960;TY1B-NL2_950;TY1B-NL2_954;TY1B-OL_956;TY1B-OL_960;TY1B-OR_956;TY1B-OR_960;TY1B-PL_956;TY1B-PL_960;TY1B-PR1_956;TY1B-PR1_960;TY1B-PR2_957;TY1B-PR2_961,Q99337;P0C2I9;P47100;Q12141;P47098;P0C2J0;Q03619;P0C2I3;Q12269;Q03855;P0C2I2;Q04214;Q99231;Q12414;Q12088;Q07793;Q04711;Q12316;O13535;Q04670;Q12273;Q03612;Q92393;Q12193;P0C2I5;Q12490;Q03434;O13527;Q12112;P0C2I7,YNL054W-B;YPR137C-B;YJR029W;YGR027W-B;YJR027W;YPR158W-B;YER160C;YDR365W-B;YGR038C-B;YDR098C-B;YDR316W-B;YMR045C;YDR210C-D;YPL257W-B;YLR035C-A;YDR261C-D;YML045W;YGR161C-D;YHR214C-B;YMR050C;YOL103W-B;YER138C;YOR142W-B;YBR012W-B;YLR157C-B;YBL005W-B;YML039W;YAR009C;YNL284C-B;YLR256W-B/YLR256W-C,,NVLS(p)KAVS(p)PTDSTPPSTHTEDSKR,98,No,No,2.36,,0.008804,S(4): 100.0; S(8): 99.9; T(10): 0.1; S(12): 0.0; T(13): 0.0; S(16): 0.0; T(17): 0.0; T(19): 0.0; S(22): 0.0,7458,101815_164vsNAB2_HILIC_7.raw
25947,PD/Sorc,TY1B-A;TY1B-BL;TY1B-BR;TY1B-DR1;TY1B-DR3;TY1B-DR4;TY1B-DR5;TY1B-DR6;TY1B-ER1;TY1B-ER2;TY1B-GR1;TY1B-GR2;TY1B-GR3;TY1B-H;TY1B-JR1;TY1B-JR2;TY1B-LR1;TY1B-LR2;TY1B-LR3;TY1B-LR4;TY1B-ML1;TY1B-ML2;TY1B-MR1;TY1B-MR2;TY1B-NL1;TY1B-NL2;TY1B-OL;TY1B-OR;TY1B-PL;TY1B-PR1;TY1B-PR2;TY1B-PR3,TY1B-A_397;TY1B-A_401;TY1B-BL_956;TY1B-BL_960;TY1B-BR_956;TY1B-BR_960;TY1B-DR1_956;TY1B-DR1_960;TY1B-DR3_956;TY1B-DR3_960;TY1B-DR4_956;TY1B-DR4_960;TY1B-DR5_956;TY1B-DR5_960;TY1B-DR6_956;TY1B-DR6_960;TY1B-ER1_956;TY1B-ER1_960;TY1B-ER2_956;TY1B-ER2_960;TY1B-GR1_956;TY1B-GR1_960;TY1B-GR2_956;TY1B-GR2_960;TY1B-GR3_956;TY1B-GR3_960;TY1B-H_994;TY1B-H_998;TY1B-JR1_956;TY1B-JR1_960;TY1B-JR2_956;TY1B-JR2_960;TY1B-LR1_956;TY1B-LR1_960;TY1B-LR2_956;TY1B-LR2_960;TY1B-LR3_956;TY1B-LR3_960;TY1B-LR4_956;TY1B-LR4_960;TY1B-ML1_956;TY1B-ML1_960;TY1B-ML2_956;TY1B-ML2_960;TY1B-MR1_956;TY1B-MR1_960;TY1B-MR2_956;TY1B-MR2_960;TY1B-NL1_956;TY1B-NL1_960;TY1B-NL2_950;TY1B-NL2_954;TY1B-OL_956;TY1B-OL_960;TY1B-OR_956;TY1B-OR_960;TY1B-PL_956;TY1B-PL_960;TY1B-PR1_956;TY1B-PR1_960;TY1B-PR2_957;TY1B-PR2_961;TY1B-PR3_956;TY1B-PR3_960,Q99337;P0C2I9;P47100;Q12141;P47098;P0C2J0;Q03619;P0C2I3;Q12269;Q03855;P0C2I6;P0C2I2;Q04214;Q99231;Q12414;Q12088;Q07793;Q04711;Q12316;O13535;Q04670;Q12273;Q03612;Q92393;Q12193;P0C2I5;Q12490;Q03434;O13527;P0C2J1;Q12112;P0C2I7,YNL054W-B;YPR137C-B;YJR029W;YGR027W-B;YJR027W;YPR158W-B;YER160C;YDR365W-B;YGR038C-B;YDR098C-B;YLR227W-B;YDR316W-B;YMR045C;YDR210C-D;YPL257W-B;YLR035C-A;YDR261C-D;YML045W;YGR161C-D;YHR214C-B;YMR050C;YOL103W-B;YER138C;YOR142W-B;YBR012W-B;YLR157C-B;YBL005W-B;YML039W;YAR009C;YPR158C-D;YNL284C-B;YLR256W-B/YLR256W-C,,NVLS(p)KAVS(p)PTDSTPPSTHTEDSK,50,No,No,6.3,,0.0,S(4): 100.0; S(8): 100.0; T(10): 0.1; S(12): 0.0; T(13): 0.0; S(16): 0.0; T(17): 0.0; T(19): 0.0; S(22): 0.0,6529,041318_G1vs4NQO_A_3pct.raw
25990,PD/Sorc,SSA1;SSA2;SSA3;SSA4,SSA1_492;SSA1_495;SSA2_492;SSA2_495;SSA3_493;SSA3_496;SSA4_493;SSA4_496,P10591;P22202;P09435;P10592,YAL005C;YER103W;YBL075C;YLL024C,,GT(p)GKS(p)NKITITNDK,44,No,No,3.03,,0.004325,T(2): 100.0; S(5): 100.0; T(9): 0.0; T(11): 0.0,5419,101815_164vsNAB2aad_5pct.raw
26009,PD/Sorc,TY1B-A;TY1B-DR1;TY1B-DR4;TY1B-DR5;TY1B-DR6;TY1B-ER1;TY1B-GR1;TY1B-GR2;TY1B-GR3;TY1B-JR1;TY1B-JR2;TY1B-LR2;TY1B-LR3;TY1B-LR4;TY1B-ML1;TY1B-ML2;TY1B-MR2;TY1B-OL;TY1B-OR;TY1B-PL;TY1B-PR1;TY1B-PR2;TY1B-PR3,TY1B-A_445;TY1B-A_446;TY1B-DR1_1004;TY1B-DR1_1005;TY1B-DR4_1004;TY1B-DR4_1005;TY1B-DR5_1004;TY1B-DR5_1005;TY1B-DR6_1004;TY1B-DR6_1005;TY1B-ER1_1004;TY1B-ER1_1005;TY1B-GR1_1004;TY1B-GR1_1005;TY1B-GR2_1004;TY1B-GR2_1005;TY1B-GR3_1004;TY1B-GR3_1005;TY1B-JR1_1004;TY1B-JR1_1005;TY1B-JR2_1004;TY1B-JR2_1005;TY1B-LR2_1004;TY1B-LR2_1005;TY1B-LR3_1004;TY1B-LR3_1005;TY1B-LR4_1004;TY1B-LR4_1005;TY1B-ML1_1004;TY1B-ML1_1005;TY1B-ML2_1004;TY1B-ML2_1005;TY1B-MR2_1004;TY1B-MR2_1005;TY1B-OL_1004;TY1B-OL_1005;TY1B-OR_1004;TY1B-OR_1005;TY1B-PL_1004;TY1B-PL_1005;TY1B-PR1_1004;TY1B-PR1_1005;TY1B-PR2_1005;TY1B-PR2_1006;TY1B-PR3_1004;TY1B-PR3_1005,P0C2I9;P47100;Q12141;P47098;P0C2J0;P0C2I3;Q12269;Q03855;P0C2I6;P0C2I2;Q12414;Q07793;Q04711;Q12316;Q04670;Q12273;Q03612;Q92393;P0C2I5;Q03434;O13527;P0C2J1;P0C2I7,YPR137C-B;YJR029W;YGR027W-B;YJR027W;YPR158W-B;YDR365W-B;YGR038C-B;YDR098C-B;YLR227W-B;YDR316W-B;YPL257W-B;YDR261C-D;YML045W;YGR161C-D;YMR050C;YOL103W-B;YER138C;YOR142W-B;YLR157C-B;YML039W;YAR009C;YPR158C-D;YLR256W-B/YLR256W-C,,RS(p)S(p)TPQISNIESTGSGGMHK,41,No,No,9.23,,0.0,S(2): 98.4; S(3): 98.4; T(4): 3.1; S(8): 0.0; S(12): 0.0; T(13): 0.0; S(15): 0.0,7899,121317_MMSvsG14NQO_B_5pct.raw
26066,PD/Sorc,TY1A-A;TY1A-DR2;TY1A-DR4;TY1A-DR6;TY1A-MR1;TY1A-NL1;TY1A-NL2;TY1B-DR4;TY1B-DR6;TY1B-ER1;TY1B-LR2;TY1B-MR1;TY1B-NL1;TY1B-NL2;TY1B-PL;TY1B-PR1,TY1A-A_10;TY1A-A_7;TY1A-DR2_10;TY1A-DR2_7;TY1A-DR4_10;TY1A-DR4_7;TY1A-DR6_10;TY1A-DR6_7;TY1A-MR1_10;TY1A-MR1_7;TY1A-NL1_10;TY1A-NL1_7;TY1A-NL2_10;TY1A-NL2_7;TY1B-DR4_10;TY1B-DR4_7;TY1B-DR6_10;TY1B-DR6_7;TY1B-ER1_10;TY1B-ER1_7;TY1B-LR2_10;TY1B-LR2_7;TY1B-MR1_10;TY1B-MR1_7;TY1B-NL1_10;TY1B-NL1_7;TY1B-NL2_10;TY1B-NL2_7;TY1B-PL_10;TY1B-PL_7;TY1B-PR1_10;TY1B-PR1_7,Q99337;Q03964;P0C2I9;P0CX57;O74302;P0C2I3;Q12470;Q04214;P0CX70;Q12414;Q07793;Q04215;Q03612;Q12391;P0C2I5;Q12112,YNL054W-B;YDR170W-A;YPR137C-B;YAR010C;YDR261C-C;YDR365W-B;YNL054W-A;YMR045C;YDR365W-A;YPL257W-B;YDR261C-D;YMR046C;YER138C;YNL284C-A;YLR157C-B;YNL284C-B,,MESQQLS(p)QHS(p)PISHGSACASVTSK,36,No,No,3.21,,0.0001512,S(3): 0.2; S(7): 99.9; S(10): 99.9; S(13): 0.0; S(16): 0.0; S(20): 0.0; T(22): 0.0; S(23): 0.0,7103,040315_Mike_phospho2_input_3pct.raw
26104,PD/Sorc,TY1B-A;TY1B-BL;TY1B-BR;TY1B-DR1;TY1B-DR3;TY1B-DR4;TY1B-DR5;TY1B-DR6;TY1B-ER1;TY1B-ER2;TY1B-GR1;TY1B-GR2;TY1B-GR3;TY1B-H;TY1B-JR1;TY1B-JR2;TY1B-LR1;TY1B-LR2;TY1B-LR4;TY1B-ML1;TY1B-ML2;TY1B-MR1;TY1B-MR2;TY1B-NL1;TY1B-NL2;TY1B-OL;TY1B-OR;TY1B-PL;TY1B-PR1;TY1B-PR2,TY1B-A_401;TY1B-A_405;TY1B-BL_960;TY1B-BL_964;TY1B-BR_960;TY1B-BR_964;TY1B-DR1_960;TY1B-DR1_964;TY1B-DR3_960;TY1B-DR3_964;TY1B-DR4_960;TY1B-DR4_964;TY1B-DR5_960;TY1B-DR5_964;TY1B-DR6_960;TY1B-DR6_964;TY1B-ER1_960;TY1B-ER1_964;TY1B-ER2_960;TY1B-ER2_964;TY1B-GR1_960;TY1B-GR1_964;TY1B-GR2_960;TY1B-GR2_964;TY1B-GR3_960;TY1B-GR3_964;TY1B-H_1002;TY1B-H_998;TY1B-JR1_960;TY1B-JR1_964;TY1B-JR2_960;TY1B-JR2_964;TY1B-LR1_960;TY1B-LR1_964;TY1B-LR2_960;TY1B-LR2_964;TY1B-LR4_960;TY1B-LR4_964;TY1B-ML1_960;TY1B-ML1_964;TY1B-ML2_960;TY1B-ML2_964;TY1B-MR1_960;TY1B-MR1_964;TY1B-MR2_960;TY1B-MR2_964;TY1B-NL1_960;TY1B-NL1_964;TY1B-NL2_954;TY1B-NL2_958;TY1B-OL_960;TY1B-OL_964;TY1B-OR_960;TY1B-OR_964;TY1B-PL_960;TY1B-PL_964;TY1B-PR1_960;TY1B-PR1_964;TY1B-PR2_961;TY1B-PR2_965,Q99337;P0C2I9;P47100;Q12141;P47098;P0C2J0;Q03619;P0C2I3;Q12269;Q03855;P0C2I2;Q04214;Q99231;Q12414;Q12088;Q07793;Q04711;Q12316;O13535;Q04670;Q12273;Q03612;Q92393;Q12193;P0C2I5;Q12490;Q03434;O13527;Q12112;P0C2I7,YNL054W-B;YPR137C-B;YJR029W;YGR027W-B;YJR027W;YPR158W-B;YER160C;YDR365W-B;YGR038C-B;YDR098C-B;YDR316W-B;YMR045C;YDR210C-D;YPL257W-B;YLR035C-A;YDR261C-D;YML045W;YGR161C-D;YHR214C-B;YMR050C;YOL103W-B;YER138C;YOR142W-B;YBR012W-B;YLR157C-B;YBL005W-B;YML039W;YAR009C;YNL284C-B;YLR256W-B/YLR256W-C,,AVS(p)PTDS(p)TPPSTHTEDSKR,33,No,No,2.95,,0.0009596,S(3): 100.0; T(5): 2.3; S(7): 95.5; T(8): 2.3; S(11): 0.0; T(12): 0.0; T(14): 0.0; S(17): 0.0,1883,121317_MMSvsG14NQO_A_5pct.raw
26198,PD/Sorc,TY1B-A;TY1B-BL;TY1B-BR;TY1B-DR1;TY1B-DR3;TY1B-DR4;TY1B-DR5;TY1B-DR6;TY1B-ER1;TY1B-ER2;TY1B-GR1;TY1B-GR2;TY1B-GR3;TY1B-H;TY1B-JR1;TY1B-JR2;TY1B-LR1;TY1B-LR2;TY1B-LR3;TY1B-LR4;TY1B-ML1;TY1B-ML2;TY1B-MR1;TY1B-MR2;TY1B-NL1;TY1B-NL2;TY1B-OL;TY1B-OR;TY1B-PL;TY1B-PR1;TY1B-PR2;TY1B-PR3,TY1B-A_401;TY1B-A_405;TY1B-BL_960;TY1B-BL_964;TY1B-BR_960;TY1B-BR_964;TY1B-DR1_960;TY1B-DR1_964;TY1B-DR3_960;TY1B-DR3_964;TY1B-DR4_960;TY1B-DR4_964;TY1B-DR5_960;TY1B-DR5_964;TY1B-DR6_960;TY1B-DR6_964;TY1B-ER1_960;TY1B-ER1_964;TY1B-ER2_960;TY1B-ER2_964;TY1B-GR1_960;TY1B-GR1_964;TY1B-GR2_960;TY1B-GR2_964;TY1B-GR3_960;TY1B-GR3_964;TY1B-H_1002;TY1B-H_998;TY1B-JR1_960;TY1B-JR1_964;TY1B-JR2_960;TY1B-JR2_964;TY1B-LR1_960;TY1B-LR1_964;TY1B-LR2_960;TY1B-LR2_964;TY1B-LR3_960;TY1B-LR3_964;TY1B-LR4_960;TY1B-LR4_964;TY1B-ML1_960;TY1B-ML1_964;TY1B-ML2_960;TY1B-ML2_964;TY1B-MR1_960;TY1B-MR1_964;TY1B-MR2_960;TY1B-MR2_964;TY1B-NL1_960;TY1B-NL1_964;TY1B-NL2_954;TY1B-NL2_958;TY1B-OL_960;TY1B-OL_964;TY1B-OR_960;TY1B-OR_964;TY1B-PL_960;TY1B-PL_964;TY1B-PR1_960;TY1B-PR1_964;TY1B-PR2_961;TY1B-PR2_965;TY1B-PR3_960;TY1B-PR3_964,Q99337;P0C2I9;P47100;Q12141;P47098;P0C2J0;Q03619;P0C2I3;Q12269;Q03855;P0C2I6;P0C2I2;Q04214;Q99231;Q12414;Q12088;Q07793;Q04711;Q12316;O13535;Q04670;Q12273;Q03612;Q92393;Q12193;P0C2I5;Q12490;Q03434;O13527;P0C2J1;Q12112;P0C2I7,YNL054W-B;YPR137C-B;YJR029W;YGR027W-B;YJR027W;YPR158W-B;YER160C;YDR365W-B;YGR038C-B;YDR098C-B;YLR227W-B;YDR316W-B;YMR045C;YDR210C-D;YPL257W-B;YLR035C-A;YDR261C-D;YML045W;YGR161C-D;YHR214C-B;YMR050C;YOL103W-B;YER138C;YOR142W-B;YBR012W-B;YLR157C-B;YBL005W-B;YML039W;YAR009C;YPR158C-D;YNL284C-B;YLR256W-B/YLR256W-C,,AVS(p)PTDS(p)TPPSTHTEDSK,27,No,No,2.24,,3.28e-05,S(3): 100.0; T(5): 0.0; S(7): 98.5; T(8): 1.6; S(11): 0.0; T(12): 0.0; T(14): 0.0; S(17): 0.0,2659,041318_G1vs4NQO_B_5pct.raw
26251,PD/Sorc,TY3A-I;TY3B-I,TY3A-I_218;TY3A-I_222;TY3B-I_218;TY3B-I_222,Q7LHG5;Q99219,YIL082W-A;YIL082W,,THLQEEYDS(p)DYDS(p)EDNLTQNR,24,No,No,4.75,,0.0,T(1): 0.0; Y(7): 0.0; S(9): 100.0; Y(11): 0.0; S(13): 100.0; T(18): 0.0,10017,021318_cdc6_1stG1vsRelease_6pct.raw
26453,PD/Sorc,TY2A-B;TY2A-C;TY2A-DR1;TY2A-DR2;TY2A-DR3;TY2A-GR1;TY2A-GR2;TY2A-LR1;TY2A-LR2;TY2A-OR1;TY2A-OR2;TY2B-B;TY2B-C;TY2B-DR1;TY2B-DR2;TY2B-DR3;TY2B-GR1;TY2B-GR2;TY2B-LR1;TY2B-LR2;TY2B-OR1;TY2B-OR2,TY2A-B_367;TY2A-B_370;TY2A-C_367;TY2A-C_370;TY2A-DR1_367;TY2A-DR1_370;TY2A-DR2_367;TY2A-DR2_370;TY2A-DR3_367;TY2A-DR3_370;TY2A-GR1_367;TY2A-GR1_370;TY2A-GR2_367;TY2A-GR2_370;TY2A-LR1_367;TY2A-LR1_370;TY2A-LR2_367;TY2A-LR2_370;TY2A-OR1_367;TY2A-OR1_370;TY2A-OR2_367;TY2A-OR2_370;TY2B-B_367;TY2B-B_370;TY2B-C_367;TY2B-C_370;TY2B-DR1_367;TY2B-DR1_370;TY2B-DR2_367;TY2B-DR2_370;TY2B-DR3_367;TY2B-DR3_370;TY2B-GR1_367;TY2B-GR1_370;TY2B-GR2_367;TY2B-GR2_370;TY2B-LR1_367;TY2B-LR1_370;TY2B-LR2_367;TY2B-LR2_370;TY2B-OR1_367;TY2B-OR1_370;TY2B-OR2_367;TY2B-OR2_370,Q12260;Q12439;P0C2J5;P0C2J4;Q12491;P0CX64;P0CX62;Q12501;Q03483;Q07791;Q12293;Q12113;Q12472;Q03494;P25384;P0C2J3;P0C2J2;Q12392;Q12337;P0C2J6;Q99303;P25383,YBL100W-A;YOR192C-A;YLR424C-A;YLR410W-A;YBL100W-B;YGR161W-B;YGR161W-A;YOR343W-B;YDR210W-A;YDR261W-B;YOR343W-A;YOR192C-B;YDR034C-D;YDR210W-B;YCL019W;YLR410W-B;YGR038C-E;YDR034C-C;YGR038C-D/YGR038C-C;YLR424C-B;YDR261W-A;YCL020W,,NVS(p)RTS(p)PNTTNTK,17,No,No,3.31,,0.005883,S(3): 98.6; T(5): 2.8; S(6): 98.6; T(9): 0.0; T(10): 0.0; T(12): 0.0,559,041318_G1vs4NQO_B_3pct.raw
26664,PD/Sorc,TY1B-LR3;TY1B-PR3,TY1B-LR3_960;TY1B-LR3_964;TY1B-PR3_960;TY1B-PR3_964,P0C2I6;P0C2J1,YLR227W-B;YPR158C-D,,AVS(p)PTDS(p)TPPSTHTEDSKPISEINLR,13,No,No,4.46,,6.239e-05,S(3): 100.0; T(5): 2.6; S(7): 94.7; T(8): 2.6; S(11): 0.1; T(12): 0.1; T(14): 0.0; S(17): 0.0; S(21): 0.0,10513,011316_MMS_DDC1FLvsDNA2aad_HILIC_6.raw
26715,PD/Sorc,TY1B-A;TY1B-DR1;TY1B-DR4;TY1B-DR5;TY1B-DR6;TY1B-ER1;TY1B-GR1;TY1B-GR2;TY1B-GR3;TY1B-JR1;TY1B-JR2;TY1B-LR1;TY1B-LR2;TY1B-LR3;TY1B-LR4;TY1B-ML1;TY1B-ML2;TY1B-MR2;TY1B-NL1;TY1B-OL;TY1B-OR;TY1B-PL;TY1B-PR1;TY1B-PR2;TY1B-PR3,TY1B-A_377;TY1B-A_383;TY1B-DR1_936;TY1B-DR1_942;TY1B-DR4_936;TY1B-DR4_942;TY1B-DR5_936;TY1B-DR5_942;TY1B-DR6_936;TY1B-DR6_942;TY1B-ER1_936;TY1B-ER1_942;TY1B-GR1_936;TY1B-GR1_942;TY1B-GR2_936;TY1B-GR2_942;TY1B-GR3_936;TY1B-GR3_942;TY1B-JR1_936;TY1B-JR1_942;TY1B-JR2_936;TY1B-JR2_942;TY1B-LR1_936;TY1B-LR1_942;TY1B-LR2_936;TY1B-LR2_942;TY1B-LR3_936;TY1B-LR3_942;TY1B-LR4_936;TY1B-LR4_942;TY1B-ML1_936;TY1B-ML1_942;TY1B-ML2_936;TY1B-ML2_942;TY1B-MR2_936;TY1B-MR2_942;TY1B-NL1_936;TY1B-NL1_942;TY1B-OL_936;TY1B-OL_942;TY1B-OR_936;TY1B-OR_942;TY1B-PL_936;TY1B-PL_942;TY1B-PR1_936;TY1B-PR1_942;TY1B-PR2_937;TY1B-PR2_943;TY1B-PR3_936;TY1B-PR3_942,P0C2I9;P47100;Q12141;P47098;P0C2J0;P0C2I3;Q12269;Q03855;P0C2I6;P0C2I2;Q12414;Q12088;Q07793;Q04711;Q12316;Q04670;Q12273;Q03612;Q92393;P0C2I5;Q03434;O13527;P0C2J1;Q12112;P0C2I7,YPR137C-B;YJR029W;YGR027W-B;YJR027W;YPR158W-B;YDR365W-B;YGR038C-B;YDR098C-B;YLR227W-B;YDR316W-B;YPL257W-B;YLR035C-A;YDR261C-D;YML045W;YGR161C-D;YMR050C;YOL103W-B;YER138C;YOR142W-B;YLR157C-B;YML039W;YAR009C;YPR158C-D;YNL284C-B;YLR256W-B/YLR256W-C,,NIES(p)DHDFQS(p)DIELHPEQPRNVL,12,No,No,1.78,,0.005744,S(4): 100.0; S(10): 100.0,16880,082918_Chymo_H5.raw
26763,PD/Sorc,TY1B-A;TY1B-DR1;TY1B-DR3;TY1B-DR4;TY1B-DR5;TY1B-DR6;TY1B-ER1;TY1B-GR1;TY1B-GR2;TY1B-JR1;TY1B-JR2;TY1B-LR2;TY1B-LR3;TY1B-LR4;TY1B-ML1;TY1B-ML2;TY1B-MR2;TY1B-OL;TY1B-OR;TY1B-PL;TY1B-PR1;TY1B-PR2;TY1B-PR3,TY1B-A_534;TY1B-A_536;TY1B-DR1_1093;TY1B-DR1_1095;TY1B-DR3_1093;TY1B-DR3_1095;TY1B-DR4_1093;TY1B-DR4_1095;TY1B-DR5_1093;TY1B-DR5_1095;TY1B-DR6_1093;TY1B-DR6_1095;TY1B-ER1_1093;TY1B-ER1_1095;TY1B-GR1_1093;TY1B-GR1_1095;TY1B-GR2_1093;TY1B-GR2_1095;TY1B-JR1_1093;TY1B-JR1_1095;TY1B-JR2_1093;TY1B-JR2_1095;TY1B-LR2_1093;TY1B-LR2_1095;TY1B-LR3_1093;TY1B-LR3_1095;TY1B-LR4_1093;TY1B-LR4_1095;TY1B-ML1_1093;TY1B-ML1_1095;TY1B-ML2_1093;TY1B-ML2_1095;TY1B-MR2_1093;TY1B-MR2_1095;TY1B-OL_1093;TY1B-OL_1095;TY1B-OR_1093;TY1B-OR_1095;TY1B-PL_1093;TY1B-PL_1095;TY1B-PR1_1093;TY1B-PR1_1095;TY1B-PR2_1094;TY1B-PR2_1096;TY1B-PR3_1093;TY1B-PR3_1095,P0C2I9;P47100;Q12141;P47098;P0C2J0;P0C2I3;Q12269;Q03855;P0C2I6;P0C2I2;Q99231;Q12414;Q07793;Q04711;Q04670;Q12273;Q03612;Q92393;P0C2I5;Q03434;O13527;P0C2J1;P0C2I7,YPR137C-B;YJR029W;YGR027W-B;YJR027W;YPR158W-B;YDR365W-B;YGR038C-B;YDR098C-B;YLR227W-B;YDR316W-B;YDR210C-D;YPL257W-B;YDR261C-D;YML045W;YMR050C;YOL103W-B;YER138C;YOR142W-B;YLR157C-B;YML039W;YAR009C;YPR158C-D;YLR256W-B/YLR256W-C,,IIHRS(p)PS(p)IDASPPENNSSHNIVPIK,11,No,No,2.7,,0.008821,S(5): 100.0; S(7): 99.8; S(11): 0.2; S(17): 0.0; S(18): 0.0,11345,041318_G1vsG14NQO_H7.raw
26897,PD/Sorc,TY1B-A;TY1B-DR1;TY1B-DR3;TY1B-DR4;TY1B-DR5;TY1B-DR6;TY1B-ER1;TY1B-GR1;TY1B-GR2;TY1B-JR1;TY1B-JR2;TY1B-LR2;TY1B-LR3;TY1B-LR4;TY1B-ML1;TY1B-ML2;TY1B-MR2;TY1B-OL;TY1B-OR;TY1B-PL;TY1B-PR1;TY1B-PR2;TY1B-PR3,TY1B-A_536;TY1B-A_540;TY1B-DR1_1095;TY1B-DR1_1099;TY1B-DR3_1095;TY1B-DR3_1099;TY1B-DR4_1095;TY1B-DR4_1099;TY1B-DR5_1095;TY1B-DR5_1099;TY1B-DR6_1095;TY1B-DR6_1099;TY1B-ER1_1095;TY1B-ER1_1099;TY1B-GR1_1095;TY1B-GR1_1099;TY1B-GR2_1095;TY1B-GR2_1099;TY1B-JR1_1095;TY1B-JR1_1099;TY1B-JR2_1095;TY1B-JR2_1099;TY1B-LR2_1095;TY1B-LR2_1099;TY1B-LR3_1095;TY1B-LR3_1099;TY1B-LR4_1095;TY1B-LR4_1099;TY1B-ML1_1095;TY1B-ML1_1099;TY1B-ML2_1095;TY1B-ML2_1099;TY1B-MR2_1095;TY1B-MR2_1099;TY1B-OL_1095;TY1B-OL_1099;TY1B-OR_1095;TY1B-OR_1099;TY1B-PL_1095;TY1B-PL_1099;TY1B-PR1_1095;TY1B-PR1_1099;TY1B-PR2_1096;TY1B-PR2_1100;TY1B-PR3_1095;TY1B-PR3_1099,P0C2I9;P47100;Q12141;P47098;P0C2J0;P0C2I3;Q12269;Q03855;P0C2I6;P0C2I2;Q99231;Q12414;Q07793;Q04711;Q04670;Q12273;Q03612;Q92393;P0C2I5;Q03434;O13527;P0C2J1;P0C2I7,YPR137C-B;YJR029W;YGR027W-B;YJR027W;YPR158W-B;YDR365W-B;YGR038C-B;YDR098C-B;YLR227W-B;YDR316W-B;YDR210C-D;YPL257W-B;YDR261C-D;YML045W;YMR050C;YOL103W-B;YER138C;YOR142W-B;YLR157C-B;YML039W;YAR009C;YPR158C-D;YLR256W-B/YLR256W-C,,SPS(p)IDAS(p)PPENNSSHNIVPIK,10,No,No,1.64,,0.007641,S(1): 3.9; S(3): 96.2; S(7): 92.6; S(13): 3.6; S(14): 3.6,12818,101815_164vsNAB2_HILIC_6.raw
27071,PD/Sorc,TY1A-A;TY1A-DR2;TY1A-DR4;TY1A-DR6;TY1A-MR1;TY1A-NL1;TY1A-NL2;TY1B-DR4;TY1B-DR6;TY1B-ER1;TY1B-LR2;TY1B-MR1;TY1B-NL1;TY1B-NL2;TY1B-PL;TY1B-PR1,TY1A-A_3;TY1A-A_7;TY1A-DR2_3;TY1A-DR2_7;TY1A-DR4_3;TY1A-DR4_7;TY1A-DR6_3;TY1A-DR6_7;TY1A-MR1_3;TY1A-MR1_7;TY1A-NL1_3;TY1A-NL1_7;TY1A-NL2_3;TY1A-NL2_7;TY1B-DR4_3;TY1B-DR4_7;TY1B-DR6_3;TY1B-DR6_7;TY1B-ER1_3;TY1B-ER1_7;TY1B-LR2_3;TY1B-LR2_7;TY1B-MR1_3;TY1B-MR1_7;TY1B-NL1_3;TY1B-NL1_7;TY1B-NL2_3;TY1B-NL2_7;TY1B-PL_3;TY1B-PL_7;TY1B-PR1_3;TY1B-PR1_7,Q99337;Q03964;P0C2I9;P0CX57;O74302;P0C2I3;Q12470;Q04214;P0CX70;Q12414;Q07793;Q04215;Q03612;Q12391;P0C2I5;Q12112,YNL054W-B;YDR170W-A;YPR137C-B;YAR010C;YDR261C-C;YDR365W-B;YNL054W-A;YMR045C;YDR365W-A;YPL257W-B;YDR261C-D;YMR046C;YER138C;YNL284C-A;YLR157C-B;YNL284C-B,,MES(p)QQLS(p)QHSPISHGSACASVTSK,8,No,No,3.6,,2.251e-05,S(3): 99.9; S(7): 97.3; S(10): 2.8; S(13): 0.0; S(16): 0.0; S(20): 0.0; T(22): 0.0; S(23): 0.0,10806,040115_Sphase_164vsrnh_hilic_6.raw
27143,PD/Sorc,RPS21A;RPS21B,RPS21A_65;RPS21A_68;RPS21B_65;RPS21B_68,Q3E754;P0C0V8,YJL136C;YKR057W,,SRGES(p)DDS(p)LNR,7,No,No,3.45,,0.00144,S(1): 0.0; S(5): 100.0; S(8): 100.0,1859,101815_164vsNAB2aad_3pct.raw
27248,PD/Sorc,VTH1;VTH2,VTH1_1536;VTH1_1539;VTH2_1536;VTH2_1539,P40438;P40890,YIL173W;YJL222W,,SAS(p)HES(p)DLAAAR,7,No,No,1.72,,0.001656,S(1): 0.1; S(3): 100.0; S(6): 100.0,4160,101815_164vsNAB2_HILIC_5.raw
27529,PD/Sorc,PMA1;PMA2,PMA1_911;PMA1_912;PMA2_940;PMA2_941,P19657;P05030,YPL036W;YGL008C,,SVEDFMAAMQRVS(p)T(p)QHEK,5,No,No,4.64,,0.005589,S(1): 0.0; S(13): 100.0; T(14): 100.0,18479,101815_164vsNAB2aad_5pct.raw
27658,PD/Sorc,TY1B-ER1;TY1B-JR2;TY1B-LR1;TY1B-ML1;TY1B-ML2;TY1B-MR2;TY1B-NL1;TY1B-OL,TY1B-ER1_936;TY1B-ER1_942;TY1B-JR2_936;TY1B-JR2_942;TY1B-LR1_936;TY1B-LR1_942;TY1B-ML1_936;TY1B-ML1_942;TY1B-ML2_936;TY1B-ML2_942;TY1B-MR2_936;TY1B-MR2_942;TY1B-NL1_936;TY1B-NL1_942;TY1B-OL_936;TY1B-OL_942,P47100;Q12088;Q04711;Q04670;Q12273;Q03612;Q03434;Q12112,YJR029W;YLR035C-A;YML045W;YMR050C;YOL103W-B;YER138C;YML039W;YNL284C-B,,IASNEIQQSDDLNIES(p)DHDFQS(p)DIELHPEQPR,5,No,No,7.01,,0.0,S(3): 0.0; S(9): 0.0; S(16): 100.0; S(22): 100.0,10177,012817_CDC6_NT_4pct.raw
27666,PD/Sorc,TY1A-A;TY1A-BR;TY1A-DR1;TY1A-DR3;TY1A-DR4;TY1A-DR6;TY1A-ER2;TY1A-GR1;TY1A-GR2;TY1A-H;TY1A-JR1;TY1A-JR2;TY1A-LR4;TY1A-ML1;TY1A-NL1;TY1A-NL2;TY1A-OL;TY1A-PR2;TY1A-PR3;TY1B-BR;TY1B-DR1;TY1B-DR3;TY1B-DR4;TY1B-DR5;TY1B-DR6;TY1B-ER1;TY1B-ER2;TY1B-GR1;TY1B-GR2;TY1B-GR3;TY1B-H;TY1B-JR1;TY1B-JR2;TY1B-LR1;TY1B-LR2;TY1B-LR3;TY1B-LR4;TY1B-ML1;TY1B-ML2;TY1B-MR2;TY1B-NL1;TY1B-NL2;TY1B-OL;TY1B-OR;TY1B-PL;TY1B-PR1;TY1B-PR2;TY1B-PR3,TY1A-A_157;TY1A-A_160;TY1A-BR_157;TY1A-BR_160;TY1A-DR1_157;TY1A-DR1_160;TY1A-DR3_157;TY1A-DR3_160;TY1A-DR4_157;TY1A-DR4_160;TY1A-DR6_157;TY1A-DR6_160;TY1A-ER2_157;TY1A-ER2_160;TY1A-GR1_157;TY1A-GR1_160;TY1A-GR2_157;TY1A-GR2_160;TY1A-H_157;TY1A-H_160;TY1A-JR1_157;TY1A-JR1_160;TY1A-JR2_157;TY1A-JR2_160;TY1A-LR4_157;TY1A-LR4_160;TY1A-ML1_157;TY1A-ML1_160;TY1A-NL1_157;TY1A-NL1_160;TY1A-NL2_157;TY1A-NL2_160;TY1A-OL_157;TY1A-OL_160;TY1A-PR2_157;TY1A-PR2_160;TY1A-PR3_157;TY1A-PR3_160;TY1B-BR_157;TY1B-BR_160;TY1B-DR1_157;TY1B-DR1_160;TY1B-DR3_157;TY1B-DR3_160;TY1B-DR4_157;TY1B-DR4_160;TY1B-DR5_157;TY1B-DR5_160;TY1B-DR6_157;TY1B-DR6_160;TY1B-ER1_157;TY1B-ER1_160;TY1B-ER2_157;TY1B-ER2_160;TY1B-GR1_157;TY1B-GR1_160;TY1B-GR2_157;TY1B-GR2_160;TY1B-GR3_157;TY1B-GR3_160;TY1B-H_157;TY1B-H_160;TY1B-JR1_157;TY1B-JR1_160;TY1B-JR2_157;TY1B-JR2_160;TY1B-LR1_157;TY1B-LR1_160;TY1B-LR2_157;TY1B-LR2_160;TY1B-LR3_157;TY1B-LR3_160;TY1B-LR4_157;TY1B-LR4_160;TY1B-ML1_157;TY1B-ML1_160;TY1B-ML2_157;TY1B-ML2_160;TY1B-MR2_157;TY1B-MR2_160;TY1B-NL1_157;TY1B-NL1_160;TY1B-NL2_157;TY1B-NL2_160;TY1B-OL_157;TY1B-OL_160;TY1B-OR_157;TY1B-OR_160;TY1B-PL_157;TY1B-PL_160;TY1B-PR1_157;TY1B-PR1_160;TY1B-PR2_157;TY1B-PR2_160;TY1B-PR3_157;TY1B-PR3_160,Q99337;P0C2I8;P0C2I9;P47100;P0CX57;P0CX60;Q12141;Q12485;Q03856;P47098;P0C2J0;O74302;Q03619;Q12441;P0C2I3;Q12269;Q03855;Q12470;P0C2I4;P0C2I6;P0C2I2;Q99231;P0CX70;Q12414;Q12088;Q07793;Q04711;P0CX74;Q12316;O13535;Q04670;Q92392;Q12273;Q03612;Q92393;Q12391;Q12193;Q12217;P0C2I5;Q04706;Q03434;Q12085;P47099;P0C2J1;Q12112;Q6Q5H1;P0CX66;P0C2I7,YNL054W-B;YLR256W-A;YPR137C-B;YJR029W;YAR010C;YPR158W-A;YGR027W-B;YGR038C-A;YDR098C-A;YJR027W;YPR158W-B;YDR261C-C;YER160C;YDR210C-C;YDR365W-B;YGR038C-B;YDR098C-B;YNL054W-A;YHR214C-C;YLR227W-B;YDR316W-B;YDR210C-D;YDR365W-A;YPL257W-B;YLR035C-A;YDR261C-D;YML045W;YJR026W;YGR161C-D;YHR214C-B;YMR050C;YOL103W-A;YOL103W-B;YER138C;YOR142W-B;YNL284C-A;YBR012W-B;YBR012W-A;YLR157C-B;YML045W-A;YML039W;YGR027W-A;YJR028W;YPR158C-D;YNL284C-B;YPR158C-C;YER159C-A;YLR256W-B/YLR256W-C,,TDSSS(p)ADS(p)DMTSTKK,5,No,No,2.48,,0.0004492,T(1): 0.0; S(3): 0.0; S(4): 2.0; S(5): 98.0; S(8): 100.0; T(11): 0.0; S(12): 0.0; T(13): 0.0,1544,012817_CDC6_NT_6pct.raw
27685,PD/Sorc,KIP2;ROD1,KIP2_61;KIP2_63;ROD1_813;ROD1_815,P28743;Q02805,YPL155C;YOR018W,,S(p)NS(p)PLR,5,No,No,1.8,,0.008764,S(1): 100.0; S(3): 100.0,1918,110417_G2MvsG2M4NQO_A_3pct.raw
28048,PD/Sorc,HXT6;HXT7,HXT6_29;HXT6_31;HXT7_29;HXT7_31,P39003;P39004,YDR343C;YDR342C,,ST(p)PS(p)NKAERDEIKAY,4,No,No,2.55,,0.004342,S(1): 3.7; T(2): 96.3; S(4): 99.8; Y(15): 0.2,8984,082918_Chymo_H8.raw
28261,PD/Sorc,TY1A-A;TY1A-GR1;TY1A-JR2;TY1A-NL2;TY1B-GR1;TY1B-JR2;TY1B-NL2;TY1B-PR1,TY1A-A_77;TY1A-A_79;TY1A-GR1_77;TY1A-GR1_79;TY1A-JR2_77;TY1A-JR2_79;TY1A-NL2_77;TY1A-NL2_79;TY1B-GR1_77;TY1B-GR1_79;TY1B-JR2_77;TY1B-JR2_79;TY1B-NL2_77;TY1B-NL2_79;TY1B-PR1_77;TY1B-PR1_79,Q99337;P0C2I9;P47100;P0CX57;Q12141;Q12470;Q12085;P47099,YNL054W-B;YPR137C-B;YJR029W;YAR010C;YGR027W-B;YNL054W-A;YGR027W-A;YJR028W,,ANSQQTTTPASSAVPENPHHASPQTAQS(p)HS(p)PQNGPYPQQC,3,No,No,3.69,,0.00622,S(3): 0.0; T(6): 0.0; T(7): 0.0; T(8): 0.0; S(11): 0.0; S(12): 0.0; S(22): 0.1; T(25): 0.5; S(28): 99.4; S(30): 99.9; Y(36): 0.0,5598,121317_MMSvsG14NQO_A_5pct.raw
28319,PD/Sorc,TY1B-BL;TY1B-ER2;TY1B-GR3;TY1B-H;TY1B-LR1;TY1B-MR1;TY1B-NL1;TY1B-NL2,TY1B-BL_1093;TY1B-BL_1095;TY1B-ER2_1093;TY1B-ER2_1095;TY1B-GR3_1093;TY1B-GR3_1095;TY1B-H_1131;TY1B-H_1133;TY1B-LR1_1093;TY1B-LR1_1095;TY1B-MR1_1093;TY1B-MR1_1095;TY1B-NL1_1093;TY1B-NL1_1095;TY1B-NL2_1087;TY1B-NL2_1089,Q99337;Q03619;Q04214;Q12088;Q12316;O13535;Q12490;Q12112,YNL054W-B;YER160C;YMR045C;YLR035C-A;YGR161C-D;YHR214C-B;YBL005W-B;YNL284C-B,,IIHRS(p)PS(p)IDTSSSESNSLHHVVPIK,3,No,No,5.89,,1.368e-05,S(5): 100.0; S(7): 100.0; T(10): 0.0; S(11): 0.0; S(12): 0.0; S(13): 0.0; S(15): 0.0; S(17): 0.0,10598,041318_G1vsG14NQO_H7.raw
28494,PD/Sorc,TY1A-BR;TY1A-DR1;TY1A-DR3;TY1A-DR4;TY1A-DR6;TY1A-ER2;TY1A-GR2;TY1A-JR1;TY1A-LR4;TY1A-OL;TY1A-PR2;TY1A-PR3;TY1B-BR;TY1B-DR1;TY1B-DR3;TY1B-DR4;TY1B-DR5;TY1B-DR6;TY1B-ER1;TY1B-ER2;TY1B-GR2;TY1B-GR3;TY1B-JR1;TY1B-LR1;TY1B-LR2;TY1B-LR3;TY1B-LR4;TY1B-ML2;TY1B-MR2;TY1B-OL;TY1B-OR;TY1B-PL;TY1B-PR2;TY1B-PR3,TY1A-BR_60;TY1A-BR_61;TY1A-DR1_60;TY1A-DR1_61;TY1A-DR3_60;TY1A-DR3_61;TY1A-DR4_60;TY1A-DR4_61;TY1A-DR6_60;TY1A-DR6_61;TY1A-ER2_60;TY1A-ER2_61;TY1A-GR2_60;TY1A-GR2_61;TY1A-JR1_60;TY1A-JR1_61;TY1A-LR4_60;TY1A-LR4_61;TY1A-OL_60;TY1A-OL_61;TY1A-PR2_60;TY1A-PR2_61;TY1A-PR3_60;TY1A-PR3_61;TY1B-BR_60;TY1B-BR_61;TY1B-DR1_60;TY1B-DR1_61;TY1B-DR3_60;TY1B-DR3_61;TY1B-DR4_60;TY1B-DR4_61;TY1B-DR5_60;TY1B-DR5_61;TY1B-DR6_60;TY1B-DR6_61;TY1B-ER1_60;TY1B-ER1_61;TY1B-ER2_60;TY1B-ER2_61;TY1B-GR2_60;TY1B-GR2_61;TY1B-GR3_60;TY1B-GR3_61;TY1B-JR1_60;TY1B-JR1_61;TY1B-LR1_60;TY1B-LR1_61;TY1B-LR2_60;TY1B-LR2_61;TY1B-LR3_60;TY1B-LR3_61;TY1B-LR4_60;TY1B-LR4_61;TY1B-ML2_60;TY1B-ML2_61;TY1B-MR2_60;TY1B-MR2_61;TY1B-OL_60;TY1B-OL_61;TY1B-OR_60;TY1B-OR_61;TY1B-PL_60;TY1B-PL_61;TY1B-PR2_60;TY1B-PR2_61;TY1B-PR3_60;TY1B-PR3_61,P0C2I8;P0CX60;Q12485;Q03856;P47098;P0C2J0;O74302;Q03619;Q12441;P0C2I3;Q12269;Q03855;P0C2I6;P0C2I2;Q99231;P0CX70;Q12414;Q12088;Q07793;P0CX74;Q12316;Q04670;Q92392;Q12273;Q03612;Q92393;Q12193;Q12217;P0C2I5;Q03434;P0C2J1;Q6Q5H1;P0CX66;P0C2I7,YLR256W-A;YPR158W-A;YGR038C-A;YDR098C-A;YJR027W;YPR158W-B;YDR261C-C;YER160C;YDR210C-C;YDR365W-B;YGR038C-B;YDR098C-B;YLR227W-B;YDR316W-B;YDR210C-D;YDR365W-A;YPL257W-B;YLR035C-A;YDR261C-D;YJR026W;YGR161C-D;YMR050C;YOL103W-A;YOL103W-B;YER138C;YOR142W-B;YBR012W-B;YBR012W-A;YLR157C-B;YML039W;YPR158C-D;YPR158C-C;YER159C-A;YLR256W-B/YLR256W-C,,ANSQQTTTPAS(p)S(p)AVPENPHHASPQPA,3,No,No,2.37,,0.007693,S(3): 0.0; T(6): 0.9; T(7): 14.1; T(8): 5.5; S(11): 89.8; S(12): 89.8; S(22): 0.0,3627,032918_G1vsG14NQO_A_3pct.raw
28630,PD/Sorc,TY2A-B;TY2A-C;TY2A-DR1;TY2A-DR3;TY2A-GR1;TY2A-GR2;TY2A-LR1;TY2A-OR1;TY2B-B;TY2B-C;TY2B-DR1;TY2B-DR3;TY2B-GR1;TY2B-GR2;TY2B-LR1;TY2B-OR1,TY2A-B_56;TY2A-B_71;TY2A-C_56;TY2A-C_71;TY2A-DR1_56;TY2A-DR1_71;TY2A-DR3_56;TY2A-DR3_71;TY2A-GR1_56;TY2A-GR1_71;TY2A-GR2_56;TY2A-GR2_71;TY2A-LR1_56;TY2A-LR1_71;TY2A-OR1_56;TY2A-OR1_71;TY2B-B_56;TY2B-B_71;TY2B-C_56;TY2B-C_71;TY2B-DR1_56;TY2B-DR1_71;TY2B-DR3_56;TY2B-DR3_71;TY2B-GR1_56;TY2B-GR1_71;TY2B-GR2_56;TY2B-GR2_71;TY2B-LR1_56;TY2B-LR1_71;TY2B-OR1_56;TY2B-OR1_71,Q12260;Q12439;P0C2J4;Q12491;P0CX64;P0CX62;Q07791;Q12113;Q12472;P25384;P0C2J3;P0C2J2;Q12392;Q12337;Q99303;P25383,YBL100W-A;YOR192C-A;YLR410W-A;YBL100W-B;YGR161W-B;YGR161W-A;YDR261W-B;YOR192C-B;YDR034C-D;YCL019W;YLR410W-B;YGR038C-E;YDR034C-C;YGR038C-D/YGR038C-C;YDR261W-A;YCL020W,,VNSQQET(p)TPGTSAVPENHHHVS(p)PQPA,3,No,No,3.24,,0.008862,S(3): 0.0; T(7): 96.9; T(8): 3.1; T(11): 0.0; S(12): 0.0; S(22): 100.0,2177,121317_MMSvsG14NQO_B_H10_180102190037.raw
28728,PD/Sorc,TY3A-G;TY3B-G,TY3A-G_218;TY3A-G_222;TY3B-G_218;TY3B-G_222,Q99315;Q12173,YGR109W-B;YGR109W-A,,THLQEEYDS(p)DYDS(p)EDNLTQNGYVHTVR,2,No,No,8.06,,0.0,T(1): 0.0; Y(7): 0.0; S(9): 100.0; Y(11): 0.0; S(13): 100.0; T(18): 0.0; Y(22): 0.0; T(25): 0.0,12535,102917_SvsG14NQO_B_5pct.raw
28773,PD/Sorc,TY1A-BR;TY1A-DR1;TY1A-DR3;TY1A-ER2;TY1A-H;TY1A-PR2;TY1B-BR;TY1B-DR1;TY1B-DR3;TY1B-DR5;TY1B-ER2;TY1B-GR3;TY1B-H;TY1B-LR1;TY1B-MR2;TY1B-OR;TY1B-PR2,TY1A-BR_13;TY1A-BR_16;TY1A-DR1_13;TY1A-DR1_16;TY1A-DR3_13;TY1A-DR3_16;TY1A-ER2_13;TY1A-ER2_16;TY1A-H_13;TY1A-H_16;TY1A-PR2_13;TY1A-PR2_16;TY1B-BR_13;TY1B-BR_16;TY1B-DR1_13;TY1B-DR1_16;TY1B-DR3_13;TY1B-DR3_16;TY1B-DR5_13;TY1B-DR5_16;TY1B-ER2_13;TY1B-ER2_16;TY1B-GR3_13;TY1B-GR3_16;TY1B-H_13;TY1B-H_16;TY1B-LR1_13;TY1B-LR1_16;TY1B-MR2_13;TY1B-MR2_16;TY1B-OR_13;TY1B-OR_16;TY1B-PR2_13;TY1B-PR2_16,P0CX60;Q03856;P0C2J0;Q03619;Q12441;Q03855;P0C2I4;P0C2I2;Q99231;Q12088;Q12316;O13535;Q04670;Q92393;Q12193;Q12217;P0CX66,YPR158W-A;YDR098C-A;YPR158W-B;YER160C;YDR210C-C;YDR098C-B;YHR214C-C;YDR316W-B;YDR210C-D;YLR035C-A;YGR161C-D;YHR214C-B;YMR050C;YOR142W-B;YBR012W-B;YBR012W-A;YER159C-A,,MESQQLSNYPHIS(p)HGS(p)ACASVTSK,2,No,No,2.19,,0.0059,S(3): 6.3; S(7): 6.3; Y(9): 6.3; S(13): 83.2; S(16): 97.6; S(20): 0.1; T(22): 0.0; S(23): 0.0,14094,040115_Sphase_164vsrnh_hilic_5.raw
28989,PD/Sorc,TY1B-A;TY1B-BL;TY1B-BR;TY1B-DR1;TY1B-DR3;TY1B-DR4;TY1B-DR5;TY1B-DR6;TY1B-ER1;TY1B-ER2;TY1B-GR1;TY1B-GR2;TY1B-GR3;TY1B-H;TY1B-JR1;TY1B-JR2;TY1B-LR1;TY1B-LR2;TY1B-LR3;TY1B-LR4;TY1B-ML1;TY1B-ML2;TY1B-MR1;TY1B-MR2;TY1B-NL1;TY1B-NL2;TY1B-OL;TY1B-OR;TY1B-PL;TY1B-PR1;TY1B-PR2;TY1B-PR3,TY1B-A_403;TY1B-A_406;TY1B-BL_962;TY1B-BL_965;TY1B-BR_962;TY1B-BR_965;TY1B-DR1_962;TY1B-DR1_965;TY1B-DR3_962;TY1B-DR3_965;TY1B-DR4_962;TY1B-DR4_965;TY1B-DR5_962;TY1B-DR5_965;TY1B-DR6_962;TY1B-DR6_965;TY1B-ER1_962;TY1B-ER1_965;TY1B-ER2_962;TY1B-ER2_965;TY1B-GR1_962;TY1B-GR1_965;TY1B-GR2_962;TY1B-GR2_965;TY1B-GR3_962;TY1B-GR3_965;TY1B-H_1000;TY1B-H_1003;TY1B-JR1_962;TY1B-JR1_965;TY1B-JR2_962;TY1B-JR2_965;TY1B-LR1_962;TY1B-LR1_965;TY1B-LR2_962;TY1B-LR2_965;TY1B-LR3_962;TY1B-LR3_965;TY1B-LR4_962;TY1B-LR4_965;TY1B-ML1_962;TY1B-ML1_965;TY1B-ML2_962;TY1B-ML2_965;TY1B-MR1_962;TY1B-MR1_965;TY1B-MR2_962;TY1B-MR2_965;TY1B-NL1_962;TY1B-NL1_965;TY1B-NL2_956;TY1B-NL2_959;TY1B-OL_962;TY1B-OL_965;TY1B-OR_962;TY1B-OR_965;TY1B-PL_962;TY1B-PL_965;TY1B-PR1_962;TY1B-PR1_965;TY1B-PR2_963;TY1B-PR2_966;TY1B-PR3_962;TY1B-PR3_965,Q99337;P0C2I9;P47100;Q12141;P47098;P0C2J0;Q03619;P0C2I3;Q12269;Q03855;P0C2I6;P0C2I2;Q04214;Q99231;Q12414;Q12088;Q07793;Q04711;Q12316;O13535;Q04670;Q12273;Q03612;Q92393;Q12193;P0C2I5;Q12490;Q03434;O13527;P0C2J1;Q12112;P0C2I7,YNL054W-B;YPR137C-B;YJR029W;YGR027W-B;YJR027W;YPR158W-B;YER160C;YDR365W-B;YGR038C-B;YDR098C-B;YLR227W-B;YDR316W-B;YMR045C;YDR210C-D;YPL257W-B;YLR035C-A;YDR261C-D;YML045W;YGR161C-D;YHR214C-B;YMR050C;YOL103W-B;YER138C;YOR142W-B;YBR012W-B;YLR157C-B;YBL005W-B;YML039W;YAR009C;YPR158C-D;YNL284C-B;YLR256W-B/YLR256W-C,,AVSPT(p)DST(p)PPSTHTEDSK,2,No,No,3.97,,0.0,S(3): 2.0; T(5): 98.0; S(7): 0.1; T(8): 100.0; S(11): 0.0; T(12): 0.0; T(14): 0.0; S(17): 0.0,2513,101815_164vsNAB2_HILIC_8.raw
29046,PD/Sorc,MYO3;MYO5,MYO3_775;MYO3_777;MYO5_775;MYO5_777,P36006;Q04439,YKL129C;YMR109W,,S(p)MS(p)LLGYR,2,No,No,1.36,,0.005548,S(1): 100.0; S(3): 100.0; Y(7): 0.0,7944,101916_T602vsDDC1_2_H12.raw
29505,PD/Sorc,TY1A-BR;TY1A-DR1;TY1A-DR3;TY1A-DR4;TY1A-DR6;TY1A-ER2;TY1A-GR2;TY1A-JR1;TY1A-LR4;TY1A-OL;TY1A-PR2;TY1A-PR3;TY1B-BR;TY1B-DR1;TY1B-DR3;TY1B-DR4;TY1B-DR5;TY1B-DR6;TY1B-ER1;TY1B-ER2;TY1B-GR2;TY1B-GR3;TY1B-JR1;TY1B-LR1;TY1B-LR2;TY1B-LR3;TY1B-LR4;TY1B-ML2;TY1B-MR2;TY1B-OL;TY1B-OR;TY1B-PL;TY1B-PR2;TY1B-PR3,TY1A-BR_55;TY1A-BR_71;TY1A-DR1_55;TY1A-DR1_71;TY1A-DR3_55;TY1A-DR3_71;TY1A-DR4_55;TY1A-DR4_71;TY1A-DR6_55;TY1A-DR6_71;TY1A-ER2_55;TY1A-ER2_71;TY1A-GR2_55;TY1A-GR2_71;TY1A-JR1_55;TY1A-JR1_71;TY1A-LR4_55;TY1A-LR4_71;TY1A-OL_55;TY1A-OL_71;TY1A-PR2_55;TY1A-PR2_71;TY1A-PR3_55;TY1A-PR3_71;TY1B-BR_55;TY1B-BR_71;TY1B-DR1_55;TY1B-DR1_71;TY1B-DR3_55;TY1B-DR3_71;TY1B-DR4_55;TY1B-DR4_71;TY1B-DR5_55;TY1B-DR5_71;TY1B-DR6_55;TY1B-DR6_71;TY1B-ER1_55;TY1B-ER1_71;TY1B-ER2_55;TY1B-ER2_71;TY1B-GR2_55;TY1B-GR2_71;TY1B-GR3_55;TY1B-GR3_71;TY1B-JR1_55;TY1B-JR1_71;TY1B-LR1_55;TY1B-LR1_71;TY1B-LR2_55;TY1B-LR2_71;TY1B-LR3_55;TY1B-LR3_71;TY1B-LR4_55;TY1B-LR4_71;TY1B-ML2_55;TY1B-ML2_71;TY1B-MR2_55;TY1B-MR2_71;TY1B-OL_55;TY1B-OL_71;TY1B-OR_55;TY1B-OR_71;TY1B-PL_55;TY1B-PL_71;TY1B-PR2_55;TY1B-PR2_71;TY1B-PR3_55;TY1B-PR3_71,P0C2I8;P0CX60;Q12485;Q03856;P47098;P0C2J0;O74302;Q03619;Q12441;P0C2I3;Q12269;Q03855;P0C2I6;P0C2I2;Q99231;P0CX70;Q12414;Q12088;Q07793;P0CX74;Q12316;Q04670;Q92392;Q12273;Q03612;Q92393;Q12193;Q12217;P0C2I5;Q03434;P0C2J1;Q6Q5H1;P0CX66;P0C2I7,YLR256W-A;YPR158W-A;YGR038C-A;YDR098C-A;YJR027W;YPR158W-B;YDR261C-C;YER160C;YDR210C-C;YDR365W-B;YGR038C-B;YDR098C-B;YLR227W-B;YDR316W-B;YDR210C-D;YDR365W-A;YPL257W-B;YLR035C-A;YDR261C-D;YJR026W;YGR161C-D;YMR050C;YOL103W-A;YOL103W-B;YER138C;YOR142W-B;YBR012W-B;YBR012W-A;YLR157C-B;YML039W;YPR158C-D;YPR158C-C;YER159C-A;YLR256W-B/YLR256W-C,,ANSQQT(p)TTPASSAVPENPHHAS(p)PQPA,2,No,No,3.13,,0.004059,S(3): 3.0; T(6): 94.0; T(7): 3.0; T(8): 0.1; S(11): 0.0; S(12): 0.0; S(22): 100.0,4867,012817_CDC6_meth_6pct.raw
31220,PD/Sorc,TY1B-BL;TY1B-ER2;TY1B-GR3;TY1B-H;TY1B-LR1;TY1B-MR1;TY1B-NL1;TY1B-NL2,TY1B-BL_1095;TY1B-BL_1099;TY1B-ER2_1095;TY1B-ER2_1099;TY1B-GR3_1095;TY1B-GR3_1099;TY1B-H_1133;TY1B-H_1137;TY1B-LR1_1095;TY1B-LR1_1099;TY1B-MR1_1095;TY1B-MR1_1099;TY1B-NL1_1095;TY1B-NL1_1099;TY1B-NL2_1089;TY1B-NL2_1093,Q99337;Q03619;Q04214;Q12088;Q12316;O13535;Q12490;Q12112,YNL054W-B;YER160C;YMR045C;YLR035C-A;YGR161C-D;YHR214C-B;YBL005W-B;YNL284C-B,,SPS(p)IDTS(p)SSESNSLHHVVPIK,1,No,No,3.59,,0.0002209,S(1): 3.1; S(3): 96.9; T(6): 3.0; S(7): 93.9; S(8): 3.0; S(9): 0.1; S(11): 0.0; S(13): 0.0,8251,041318_G1vs4NQO_B_3pct.raw
32037,PD/Sorc,ROM2;SEN15,ROM2_390;ROM2_391;SEN15_61;SEN15_62,P51862;Q04675,YLR371W;YMR059W,,SLS(p)S(p)PR,1,No,No,2.12,,0.008192,S(1): 0.0; S(3): 100.0; S(4): 100.0,1760,102017_G1vsG14nQO_A_H4_171028140343.raw
32254,PD/Sorc,TY2B-C;TY2B-GR1;TY2B-GR2;TY2B-LR2,TY2B-C_1010;TY2B-C_1014;TY2B-GR1_1010;TY2B-GR1_1014;TY2B-GR2_1010;TY2B-GR2_1014;TY2B-LR2_1010;TY2B-LR2_1014,P0C2J5;P0CX64;P25384;Q12337,YLR424C-A;YGR161W-B;YCL019W;YGR038C-D/YGR038C-C,,ESTEMGGTVES(p)DTTS(p)PR,1,No,No,2.37,,0.001462,S(2): 0.0; T(3): 0.0; T(8): 0.0; S(11): 96.5; T(13): 3.6; T(14): 3.6; S(15): 96.5,6258,121317_MMSvsG14NQO_B_5pct.raw
32903,PD/Sorc,TY2A-B;TY2A-C;TY2A-DR1;TY2A-DR3;TY2A-GR1;TY2A-GR2;TY2A-LR1;TY2A-OR1;TY2B-B;TY2B-C;TY2B-DR1;TY2B-DR3;TY2B-GR1;TY2B-GR2;TY2B-LR1;TY2B-OR1,TY2A-B_61;TY2A-B_71;TY2A-C_61;TY2A-C_71;TY2A-DR1_61;TY2A-DR1_71;TY2A-DR3_61;TY2A-DR3_71;TY2A-GR1_61;TY2A-GR1_71;TY2A-GR2_61;TY2A-GR2_71;TY2A-LR1_61;TY2A-LR1_71;TY2A-OR1_61;TY2A-OR1_71;TY2B-B_61;TY2B-B_71;TY2B-C_61;TY2B-C_71;TY2B-DR1_61;TY2B-DR1_71;TY2B-DR3_61;TY2B-DR3_71;TY2B-GR1_61;TY2B-GR1_71;TY2B-GR2_61;TY2B-GR2_71;TY2B-LR1_61;TY2B-LR1_71;TY2B-OR1_61;TY2B-OR1_71,Q12260;Q12439;P0C2J4;Q12491;P0CX64;P0CX62;Q07791;Q12113;Q12472;P25384;P0C2J3;P0C2J2;Q12392;Q12337;Q99303;P25383,YBL100W-A;YOR192C-A;YLR410W-A;YBL100W-B;YGR161W-B;YGR161W-A;YDR261W-B;YOR192C-B;YDR034C-D;YCL019W;YLR410W-B;YGR038C-E;YDR034C-C;YGR038C-D/YGR038C-C;YDR261W-A;YCL020W,,VNSQQETTPGTS(p)AVPENHHHVS(p)PQPA,1,No,No,4.88,,0.005869,S(3): 0.0; T(7): 0.1; T(8): 0.1; T(11): 2.6; S(12): 97.2; S(22): 100.0,4380,121317_MMSvsG14NQO_B_5pct.raw
32985,PD/Sorc,TDH1;TDH2;TDH3,TDH1_146;TDH1_149;TDH2_146;TDH2_149;TDH3_146;TDH3_149,P00360;P00359;P00358,YJL052W;YGR192C;YJR009C,,KIVS(p)NAS(p)CTTNCLAPLAK,1,No,No,2.68,,1.492e-05,S(4): 99.8; S(7): 99.8; T(9): 0.3; T(10): 0.1,10063,032618_G1vsG14NQO_A_H5.raw
